{
  "generated": "2026-05-08 00:57:47 UTC",
  "source": "DuckDB → per-player-season aggregates → population percentiles",
  "pitchers": {
    "avg_fb_velo": {
      "metric": "avg_fb_velo",
      "n": 7837,
      "mean": 89.15762708,
      "sd": 2.81306353,
      "p01": 81.42614491,
      "p05": 84.37248695,
      "p10": 85.64467132,
      "p25": 87.53328482,
      "p50": 89.23922,
      "p75": 90.98482632,
      "p90": 92.58217329,
      "p95": 93.58464916,
      "p99": 95.5582285
    },
    "max_fb_velo": {
      "metric": "max_fb_velo",
      "n": 7837,
      "mean": 92.38865359,
      "sd": 2.8804796,
      "p01": 84.73734,
      "p05": 87.557182,
      "p10": 88.825624,
      "p25": 90.65447,
      "p50": 92.45996,
      "p75": 94.24705,
      "p90": 95.954766,
      "p95": 97.017624,
      "p99": 99.1206596
    },
    "avg_ivb": {
      "metric": "avg_ivb",
      "n": 7837,
      "mean": 14.75791141,
      "sd": 4.46320186,
      "p01": 1.38252741,
      "p05": 6.53020119,
      "p10": 8.77032014,
      "p25": 12.27414375,
      "p50": 15.55567471,
      "p75": 17.9702216,
      "p90": 19.63785377,
      "p95": 20.64861244,
      "p99": 22.10826413
    },
    "avg_hb": {
      "metric": "avg_hb",
      "n": 7837,
      "mean": 5.45076996,
      "sd": 10.64032359,
      "p01": -18.18494116,
      "p05": -15.07344388,
      "p10": -12.8459992,
      "p25": -1.38701316,
      "p50": 9.07910428,
      "p75": 13.26393673,
      "p90": 16.28207144,
      "p95": 17.54539043,
      "p99": 19.49725466
    },
    "extension": {
      "metric": "extension",
      "n": 7837,
      "mean": 5.95213153,
      "sd": 0.45562105,
      "p01": 4.87071044,
      "p05": 5.2054063,
      "p10": 5.38242954,
      "p25": 5.65212887,
      "p50": 5.95045979,
      "p75": 6.2551939,
      "p90": 6.53009993,
      "p95": 6.70023228,
      "p99": 7.04112779
    },
    "avg_spin": {
      "metric": "avg_spin",
      "n": 7837,
      "mean": 2183.88473999,
      "sd": 158.04227928,
      "p01": 1783.67470683,
      "p05": 1920.60737646,
      "p10": 1979.46703434,
      "p25": 2083.02895519,
      "p50": 2188.84821945,
      "p75": 2290.14778798,
      "p90": 2379.43465497,
      "p95": 2433.87745395,
      "p99": 2535.35199764
    },
    "whiff_pct": {
      "metric": "whiff_pct",
      "n": 7838,
      "mean": 23.32320461,
      "sd": 6.80613821,
      "p01": 8.7238749,
      "p05": 12.90322581,
      "p10": 15.1661442,
      "p25": 18.7830886,
      "p50": 22.89156627,
      "p75": 27.41935484,
      "p90": 32.14285714,
      "p95": 35,
      "p99": 41.98358465
    },
    "csw_pct": {
      "metric": "csw_pct",
      "n": 7838,
      "mean": 27.64736039,
      "sd": 3.95446259,
      "p01": 18.32048045,
      "p05": 21.2962963,
      "p10": 22.72727273,
      "p25": 25.10673243,
      "p50": 27.5,
      "p75": 30.1369863,
      "p90": 32.59382034,
      "p95": 34.24024717,
      "p99": 37.58198101
    },
    "zone_pct": {
      "metric": "zone_pct",
      "n": 7838,
      "mean": 43.53464309,
      "sd": 4.61309065,
      "p01": 31.75510613,
      "p05": 35.74232164,
      "p10": 37.53689839,
      "p25": 40.625,
      "p50": 43.79271442,
      "p75": 46.628256,
      "p90": 49.23517628,
      "p95": 50.80869076,
      "p99": 53.66729951
    },
    "hard_hit_allowed_pct": {
      "metric": "hard_hit_allowed_pct",
      "n": 7838,
      "mean": 34.60388497,
      "sd": 8.67545214,
      "p01": 14.28571429,
      "p05": 20.64713133,
      "p10": 24,
      "p25": 29.16666667,
      "p50": 34.54545455,
      "p75": 40,
      "p90": 45.10521282,
      "p95": 49.0224359,
      "p99": 57.14285714
    },
    "pitch_count": {
      "metric": "pitch_count",
      "n": 7838,
      "mean": 376.29663179,
      "sd": 251.31994216,
      "p01": 103,
      "p05": 114,
      "p10": 131,
      "p25": 182,
      "p50": 301,
      "p75": 494.75,
      "p90": 740,
      "p95": 893.15,
      "p99": 1179.89
    },
    "arsenal_depth": {
      "metric": "arsenal_depth",
      "n": 7838,
      "mean": 5.15258995,
      "sd": 1.08603384,
      "p01": 3,
      "p05": 3,
      "p10": 4,
      "p25": 4,
      "p50": 5,
      "p75": 6,
      "p90": 7,
      "p95": 7,
      "p99": 8
    },
    "data_completeness": {
      "metric": "data_completeness",
      "n": 7838,
      "mean": 99.7265139,
      "sd": 2.08164611,
      "p01": 91.23867069,
      "p05": 99.50248756,
      "p10": 99.79453444,
      "p25": 100,
      "p50": 100,
      "p75": 100,
      "p90": 100,
      "p95": 100,
      "p99": 100
    },
    "_population": {
      "metric": "_population",
      "n_players": 7838,
      "n_seasons": 2
    }
  },
  "hitters": {
    "p90_ev_wood_adj": {
      "metric": "p90_ev_wood_adj",
      "n": 8903,
      "mean": 97.98350459,
      "sd": 4.20359146,
      "p01": 86.71933208,
      "p05": 90.9000744,
      "p10": 92.7496524,
      "p25": 95.3840525,
      "p50": 98.163856,
      "p75": 100.896473,
      "p90": 103.1015976,
      "p95": 104.4237099,
      "p99": 106.7894586
    },
    "avg_ev_wood_adj": {
      "metric": "avg_ev_wood_adj",
      "n": 8903,
      "mean": 79.90953718,
      "sd": 6.4121168,
      "p01": 60.58779843,
      "p05": 68.37684184,
      "p10": 71.74473876,
      "p25": 76.35296382,
      "p50": 80.7488575,
      "p75": 84.30400586,
      "p90": 87.12804248,
      "p95": 88.69762194,
      "p99": 91.84646564
    },
    "barrel_rate_proxy_wood_adj": {
      "metric": "barrel_rate_proxy_wood_adj",
      "n": 8903,
      "mean": 1.41726859,
      "sd": 2.4451376,
      "p01": 0,
      "p05": 0,
      "p10": 0,
      "p25": 0,
      "p50": 0,
      "p75": 2.24299849,
      "p90": 4.16666667,
      "p95": 5.8241138,
      "p99": 10
    },
    "contact_rate": {
      "metric": "contact_rate",
      "n": 8903,
      "mean": 75.16151575,
      "sd": 8.73848555,
      "p01": 51.28343728,
      "p05": 59.45945946,
      "p10": 63.7603346,
      "p25": 70,
      "p50": 76,
      "p75": 81.25,
      "p90": 85.54216867,
      "p95": 88,
      "p99": 92.13923714
    },
    "whiff_rate": {
      "metric": "whiff_rate",
      "n": 8903,
      "mean": 24.83848425,
      "sd": 8.73848555,
      "p01": 7.86076286,
      "p05": 12,
      "p10": 14.45783133,
      "p25": 18.75,
      "p50": 24,
      "p75": 30,
      "p90": 36.2396654,
      "p95": 40.54054054,
      "p99": 48.71656272
    },
    "chase_rate": {
      "metric": "chase_rate",
      "n": 8903,
      "mean": 24.92188964,
      "sd": 6.82108989,
      "p01": 10.34626437,
      "p05": 14.36614245,
      "p10": 16.66666667,
      "p25": 20.16022076,
      "p50": 24.52830189,
      "p75": 29.08728721,
      "p90": 33.86926097,
      "p95": 36.84210526,
      "p99": 42.85714286
    },
    "bbe_count": {
      "metric": "bbe_count",
      "n": 8903,
      "mean": 57.90845782,
      "sd": 42.9535317,
      "p01": 5,
      "p05": 9,
      "p10": 12,
      "p25": 21,
      "p50": 46,
      "p75": 88,
      "p90": 120,
      "p95": 139,
      "p99": 173
    },
    "event_rows": {
      "metric": "event_rows",
      "n": 8903,
      "mean": 337.42693474,
      "sd": 236.04878523,
      "p01": 52,
      "p05": 62,
      "p10": 78,
      "p25": 134,
      "p50": 278,
      "p75": 509,
      "p90": 682.8,
      "p95": 772,
      "p99": 961.98
    },
    "data_completeness": {
      "metric": "data_completeness",
      "n": 8903,
      "mean": 26.66573108,
      "sd": 5.05088921,
      "p01": 14.28571429,
      "p05": 18.29268293,
      "p10": 20.23259015,
      "p25": 23.46618532,
      "p50": 26.77165354,
      "p75": 29.89777793,
      "p90": 32.82546079,
      "p95": 34.84848485,
      "p99": 38.80567921
    },
    "_population": {
      "metric": "_population",
      "n_players": 8903,
      "n_seasons": 2
    }
  }
}
