{"raw_centers":[1.4360954992298502e-05,2.6995750886271708e-05,3.754253702936694e-05,4.671003625844605e-05,5.521374987438321e-05,6.434079841710627e-05,7.37290974939242e-05,8.237981819547713e-05,9.128306555794552e-05,0.00010037670290330425,0.00010979870421579108,0.00012007755867671221,0.0001298335992032662,0.00014014261250849813,0.00015140527102630585,0.00016256094386335462,0.0001741887826938182,0.00018704326066654176,0.00019912085554096848,0.00021247217955533415,0.00022733300284016877,0.00024319619114976376,0.00025860645109787583,0.00027545311604626477,0.00029301413451321423,0.0003129643446300179,0.00033348100259900093,0.0003533996641635895,0.0003767126181628555,0.00039971194928511977,0.00042631072574295104,0.00045373933971859515,0.0004847264790441841,0.0005194700206629932,0.0005535890813916922,0.0005916576483286917,0.0006334062782116234,0.0006833164370618761,0.000744946300983429,0.0008124425658024848,0.0008887870935723186,0.0009780552936717868,0.001087429584003985,0.001220931764692068,0.001392429694533348,0.0016059228219091892,0.0018347424920648336,0.0021005256567150354,0.0023934526834636927,0.002744642784819007,0.003151295240968466,0.0035525751300156116,0.00400417298078537,0.0045020137913525105,0.005076969042420387,0.005673838779330254,0.0063614314422011375,0.007164078298956156,0.008037329651415348,0.008987084031105042,0.0099096754565835,0.010943083092570305,0.012114420533180237,0.013395884074270725,0.014848732389509678,0.016423391178250313,0.018207302317023277,0.0201196800917387,0.022315219044685364,0.024928435683250427,0.027786316350102425,0.030838031321763992,0.03471764549612999,0.039124276489019394,0.04342910274863243,0.04832812398672104,0.054117944091558456,0.06099705398082733,0.06820302456617355,0.07705434411764145,0.09000518172979355,0.10529636591672897,0.12367741763591766,0.14614443480968475,0.17564757168293,0.22086574137210846,0.2782770097255707,0.356195867061615,0.45975545048713684,0.5633228421211243,0.6493542194366455,0.7169874906539917,0.7696612477302551,0.8153537511825562,0.8529242277145386,0.8865637183189392,0.916628360748291,0.939395010471344,0.9585941433906555,0.9823341369628906],"calibrated":[0.0,0.0,0.0,0.0,0.0,0.0,0.0,0.0,0.0,0.0,0.0,0.0,0.0,0.0,0.0,0.0,0.0,0.0,0.0,0.0,0.0,0.0,0.0,0.0,0.0,0.0,0.0,0.0,0.0,0.0,0.0,0.0,0.0,0.0,0.0,0.0,0.0,0.0,0.0,0.0,0.0,0.0,0.0,0.0,0.0,0.0,0.0,0.003215434083601286,0.0,0.0,0.0,0.003215434083601286,0.0,0.003215434083601286,0.0,0.0,0.0,0.0,0.0,0.0,0.003215434083601286,0.0,0.0,0.003215434083601286,0.003215434083601286,0.003215434083601286,0.0,0.003215434083601286,0.003215434083601286,0.0,0.003215434083601286,0.003215434083601286,0.0,0.006430868167202572,0.006430868167202572,0.0,0.006430868167202572,0.0,0.003215434083601286,0.003215434083601286,0.006430868167202572,0.006430868167202572,0.012861736334405145,0.03536977491961415,0.04180064308681672,0.05144694533762058,0.10289389067524116,0.12861736334405144,0.19935691318327975,0.2540192926045016,0.2829581993569132,0.31511254019292606,0.3504823151125402,0.39228295819935693,0.4405144694533762,0.4662379421221865,0.5401929260450161,0.572347266881029,0.6205787781350482,0.8329238329238329],"ci_lower":[8.673617379884035e-19,8.673617379884035e-19,8.673617379884035e-19,8.673617379884035e-19,8.673617379884035e-19,8.673617379884035e-19,8.673617379884035e-19,8.673617379884035e-19,8.673617379884035e-19,8.673617379884035e-19,8.673617379884035e-19,8.673617379884035e-19,8.673617379884035e-19,8.673617379884035e-19,8.673617379884035e-19,8.673617379884035e-19,8.673617379884035e-19,8.673617379884035e-19,8.673617379884035e-19,8.673617379884035e-19,8.673617379884035e-19,8.673617379884035e-19,8.673617379884035e-19,8.673617379884035e-19,8.673617379884035e-19,8.673617379884035e-19,8.673617379884035e-19,8.673617379884035e-19,8.673617379884035e-19,8.673617379884035e-19,8.673617379884035e-19,8.673617379884035e-19,8.673617379884035e-19,8.673617379884035e-19,8.673617379884035e-19,8.673617379884035e-19,8.673617379884035e-19,8.673617379884035e-19,8.673617379884035e-19,8.673617379884035e-19,8.673617379884035e-19,8.673617379884035e-19,8.673617379884035e-19,8.673617379884035e-19,8.673617379884035e-19,8.673617379884035e-19,8.673617379884035e-19,0.000567814139254795,8.673617379884035e-19,8.673617379884035e-19,8.673617379884035e-19,0.000567814139254795,8.673617379884035e-19,0.000567814139254795,8.673617379884035e-19,8.673617379884035e-19,8.673617379884035e-19,8.673617379884035e-19,8.673617379884035e-19,8.673617379884035e-19,0.000567814139254795,8.673617379884035e-19,8.673617379884035e-19,0.000567814139254795,0.000567814139254795,0.000567814139254795,8.673617379884035e-19,0.000567814139254795,0.000567814139254795,8.673617379884035e-19,0.000567814139254795,0.000567814139254795,8.673617379884035e-19,0.001765314223347846,0.001765314223347846,8.673617379884035e-19,0.001765314223347846,8.673617379884035e-19,0.000567814139254795,0.000567814139254795,0.001765314223347846,0.001765314223347846,0.005012657707552683,0.019862478086189135,0.024588473914327072,0.03191206571636504,0.07383091137383099,0.09589247438699558,0.15874192586009106,0.20884236520298455,0.23578028480169602,0.2660029552848643,0.29957172604932014,0.3396475475059826,0.386397120702301,0.41154377960579686,0.4846484232582146,0.5168079723264534,0.5654867699452003,0.793604022871499],"ci_upper":[0.012201691263162173,0.012201691263162173,0.012201691263162173,0.012201691263162173,0.012201691263162173,0.012201691263162173,0.012201691263162173,0.012201691263162173,0.012201691263162173,0.012201691263162173,0.012201691263162173,0.012201691263162173,0.012201691263162173,0.012201691263162173,0.012201691263162173,0.012201691263162173,0.012201691263162173,0.012201691263162173,0.012201691263162173,0.012201691263162173,0.012201691263162173,0.012201691263162173,0.012201691263162173,0.012201691263162173,0.012201691263162173,0.012201691263162173,0.012201691263162173,0.012201691263162173,0.012201691263162173,0.012201691263162173,0.012201691263162173,0.012201691263162173,0.012201691263162173,0.012201691263162173,0.012201691263162173,0.012201691263162173,0.012201691263162173,0.012201691263162173,0.012201691263162173,0.012201691263162173,0.012201691263162173,0.012201691263162173,0.012201691263162173,0.012201691263162173,0.012201691263162173,0.012201691263162173,0.012201691263162173,0.017986277823179648,0.012201691263162173,0.012201691263162173,0.012201691263162173,0.017986277823179648,0.012201691263162173,0.017986277823179648,0.012201691263162173,0.012201691263162173,0.012201691263162173,0.012201691263162173,0.012201691263162173,0.012201691263162173,0.017986277823179648,0.012201691263162173,0.012201691263162173,0.017986277823179648,0.017986277823179648,0.017986277823179648,0.012201691263162173,0.017986277823179648,0.017986277823179648,0.012201691263162173,0.017986277823179648,0.017986277823179648,0.012201691263162173,0.02314117843835887,0.02314117843835887,0.012201691263162173,0.02314117843835887,0.012201691263162173,0.017986277823179648,0.017986277823179648,0.02314117843835887,0.02314117843835887,0.032598636352698565,0.062215620868968,0.0701944264393746,0.08192803673515345,0.14164760226604378,0.17040524484705735,0.24730860875795185,0.3051989813026869,0.3354326679974259,0.36873400450698024,0.4050416414345194,0.4475470290683964,0.496083466361162,0.5217560130518444,0.5947565854826888,0.6261210434071729,0.6727282562775098,0.8660175928558275],"n_bins":100,"n_total":31196,"calibration_slope":1.2809}