{"raw_centers":[7.17915827408433e-06,1.1493350029923022e-05,1.451008483854821e-05,1.7020071027218364e-05,1.9283872461528517e-05,2.1332411051844247e-05,2.340527316846419e-05,2.5255656510125846e-05,2.7042822694056667e-05,2.8715292501146905e-05,3.02828848361969e-05,3.182702494086698e-05,3.3310294384136796e-05,3.487925278022885e-05,3.6324778193375096e-05,3.7793211959069595e-05,3.928973455913365e-05,4.0737719245953485e-05,4.216887828079052e-05,4.364046981208958e-05,4.5076707465341315e-05,4.650588016374968e-05,4.808079029317014e-05,4.971413727616891e-05,5.1255345169920474e-05,5.2826675528194755e-05,5.4446591093437746e-05,5.6080287322402e-05,5.777836486231536e-05,5.934973887633532e-05,6.101460166973993e-05,6.277555803535506e-05,6.445180042646825e-05,6.610027048736811e-05,6.784852303098887e-05,6.95180133334361e-05,7.126187847461551e-05,7.301420555450022e-05,7.483398076146841e-05,7.669266051379964e-05,7.850172551115975e-05,8.058103412622586e-05,8.267145312856883e-05,8.477401570416987e-05,8.680791506776586e-05,8.893673657439649e-05,9.120658069150522e-05,9.335244249086827e-05,9.559027967043221e-05,9.787791350390762e-05,0.00010015643056249246,0.00010244160512229428,0.0001046281831804663,0.00010696452227421105,0.00010934752208413556,0.000111928500700742,0.00011438239016570151,0.00011674776033032686,0.00011957596143474802,0.00012256026093382388,0.00012557861919049174,0.0001288523053517565,0.00013196667714510113,0.0001352965773548931,0.0001391617115586996,0.00014274696877691895,0.0001465923705836758,0.0001507775450590998,0.00015483370225410908,0.00015885289758443832,0.00016372375830542296,0.00016881305782590061,0.00017398108320776373,0.0001799904857762158,0.0001867186656454578,0.00019361500744707882,0.00020079519890714437,0.00020900309027638286,0.00021869076590519398,0.00022874516434967518,0.00024018365365918726,0.00025341121363453567,0.00026823472580872476,0.0002867909206543118,0.0003106495423708111,0.0003407017211429775,0.0003845004248432815,0.00046307797310873866,0.014907930046319962,0.5410200208425522,0.7595263123512268,0.8207471966743469,0.8614527583122253,0.8927443623542786,0.9174906611442566,0.944985032081604,0.9696829915046692,0.9892194271087646],"calibrated":[0.0,0.0,0.0,0.0,0.0,0.0,0.0,0.0,0.0,0.0,0.0,0.0,0.0,0.0,0.0,0.0,0.0,0.0,0.0,0.0,0.0,0.0,0.0,0.0,0.0,0.0,0.0,0.0,0.0,0.0,0.0,0.0,0.0,0.0,0.0,0.0,0.0,0.0,0.0,0.0,0.0,0.0,0.0,0.0,0.0,0.0,0.0,0.0,0.0,0.0,0.0,0.0,0.0,0.0,0.0,0.0,0.0,0.0,0.0,0.0,0.0,0.0,0.0,0.0,0.0,0.0,0.0,0.0,0.0,0.0,0.0,0.0,0.0,0.0,0.0,0.0,0.0,0.0,0.0,0.0,0.0,0.0,0.0,0.0,0.0,0.0,0.0,0.0,0.05787781350482315,0.4003215434083601,0.4212218649517685,0.45016077170418006,0.4694533762057878,0.4887459807073955,0.5305466237942122,0.5321543408360129,0.6141479099678456,0.8206388206388207],"n":[311,311,311,311,311,311,311,311,311,311,311,311,311,311,311,311,311,311,311,311,311,311,311,311,311,311,311,311,311,311,311,311,311,311,311,311,311,311,311,311,311,311,311,311,311,311,311,311,311,311,311,311,311,311,311,311,311,311,311,311,311,311,311,311,311,311,311,311,311,311,311,311,311,311,311,311,311,311,311,311,311,311,311,311,311,311,311,311,311,622,311,311,311,311,311,622,311,407],"n_bins_original":100,"n_bins_smoothed":98}