{"raw_centers":[4.3167301555513404e-06,6.7410287556413095e-06,8.476837138005067e-06,9.77738181973109e-06,1.1051077308366075e-05,1.2220983080624137e-05,1.3391636457527056e-05,1.4365998140419833e-05,1.5306970453821123e-05,1.635511580388993e-05,1.727333255985286e-05,1.8200758859165944e-05,1.9242786947870627e-05,2.020556348725222e-05,2.1133406335138716e-05,2.209032572864089e-05,2.2974198145675473e-05,2.4005817977013066e-05,2.496467459423002e-05,2.5976381948566996e-05,2.7021609639632516e-05,2.804959331115242e-05,2.8988653866690584e-05,2.9916900530224666e-05,3.091465259785764e-05,3.1969517294783145e-05,3.29366848745849e-05,3.402689617360011e-05,3.509714952087961e-05,3.6120556615060195e-05,3.720022505149245e-05,3.8264162867562845e-05,3.9413167542079464e-05,4.052794611197896e-05,4.166556755080819e-05,4.279325366951525e-05,4.3993688450427726e-05,4.51668311143294e-05,4.641348641598597e-05,4.775799243361689e-05,4.9113288696389645e-05,5.053321729064919e-05,5.200670420890674e-05,5.34957398485858e-05,5.499321559909731e-05,5.645122655550949e-05,5.791897274320945e-05,5.942772259004414e-05,6.104155909270048e-05,6.290124292718247e-05,6.45766849629581e-05,6.609893898712471e-05,6.793728971388191e-05,6.974820280447602e-05,7.170435128500685e-05,7.378970622085035e-05,7.582714897580445e-05,7.80425762059167e-05,8.029126183828339e-05,8.250305836554617e-05,8.479680400341749e-05,8.709978283150122e-05,8.967634494183585e-05,9.246919944416732e-05,9.523227345198393e-05,9.804809815250337e-05,0.00010097424092236906,0.00010423603816889226,0.00010768854554044083,0.00011105884186690673,0.0001145815767813474,0.00011844060645671561,0.0001228293840540573,0.0001273036323254928,0.000131836102809757,0.0001368385273963213,0.00014220192679204047,0.00014805352839175612,0.00015463665477000177,0.00016198547382373363,0.00017028623551595956,0.00017867260612547398,0.000188305028132163,0.00020014286565128714,0.0002127909247064963,0.00022837865981273353,0.0002470267645549029,0.0002704699872992933,0.00030366433202289045,0.0003577019087970257,0.00046609112177975476,0.052486736327409744,0.6449928283691406,0.8167319893836975,0.8857722282409668,0.9384554624557495,0.9674382209777832,0.9816418886184692,0.9942429065704346],"calibrated":[0.0,0.0,0.0,0.0,0.0,0.0,0.0,0.0,0.0,0.0,0.0,0.0,0.0,0.0,0.0,0.0,0.0,0.0,0.0,0.0,0.0,0.0,0.0,0.0,0.0,0.0,0.0,0.0,0.0,0.0,0.0,0.0,0.0,0.0,0.0,0.0,0.0,0.0,0.0,0.0,0.0,0.0,0.0,0.0,0.0,0.0,0.0,0.0,0.0,0.0,0.0,0.0,0.0,0.0,0.0,0.0,0.0,0.0,0.0,0.0,0.0,0.0,0.0,0.0,0.0,0.0,0.0,0.0,0.0,0.0,0.0,0.0,0.0,0.0,0.0,0.0,0.0,0.0,0.0,0.0,0.0,0.0,0.0,0.0,0.0,0.0,0.0,0.0,0.0,0.0,0.0,0.10031347962382445,0.47648902821316613,0.48589341692789967,0.5078369905956113,0.5815047021943573,0.6551724137931034,0.7178683385579937,0.8968058968058968],"n":[319,319,319,319,319,319,319,319,319,319,319,319,319,319,319,319,319,319,319,319,319,319,319,319,319,319,319,319,319,319,319,319,319,319,319,319,319,319,319,319,319,319,319,319,319,319,319,319,319,319,319,319,319,319,319,319,319,319,319,319,319,319,319,319,319,319,319,319,319,319,319,319,319,319,319,319,319,319,319,319,319,319,319,319,319,319,319,319,319,319,319,319,319,319,319,638,319,319,407],"n_bins_original":100,"n_bins_smoothed":99}