{"raw_centers":[6.282527010625927e-06,1.1204801921849139e-05,1.5177917703113053e-05,1.878183138614986e-05,2.2307891413220204e-05,2.5835361157078296e-05,2.9620858185808174e-05,3.3758708013920113e-05,3.8111302274046466e-05,4.240883208694868e-05,4.700151475844905e-05,5.158919157111086e-05,5.657154542859644e-05,6.124522042227909e-05,6.589550321223214e-05,7.075697067193687e-05,7.579299563076347e-05,8.092595089692622e-05,8.625845657661557e-05,9.249090362573043e-05,9.895634866552427e-05,0.00010558908252278343,0.00011251376417931169,0.00011989931226707995,0.00012710988812614232,0.0001355466665700078,0.00014415608893614262,0.0001534882903797552,0.00016422485350631177,0.00017465351265855134,0.00018545406055636704,0.00019741294090636075,0.00020992358622606844,0.00022473146964330226,0.00024140352616086602,0.0002606418856885284,0.0002812152379192412,0.0003073454136028886,0.0003375559172127396,0.0003734384663403034,0.00041425187373533845,0.0004673871153499931,0.000527688767760992,0.0006163236685097218,0.0007202744018286467,0.0008484171703457832,0.0009917926508933306,0.0011662327451631427,0.0013502094661816955,0.0015544024063274264,0.0017844752874225378,0.0020399163477122784,0.0022962987422943115,0.0026057788636535406,0.0029433828312903643,0.003316770074889064,0.003725448390468955,0.0041311513632535934,0.004616211634129286,0.005145782604813576,0.005716393236070871,0.006323442328721285,0.007002942729741335,0.0077211372554302216,0.00849516224116087,0.009380540810525417,0.010343075729906559,0.011455530300736427,0.012685686349868774,0.014129715971648693,0.015659291297197342,0.017509419471025467,0.019474264234304428,0.021631840616464615,0.0243223849684,0.02746066078543663,0.03100808896124363,0.03484051302075386,0.039532653987407684,0.045050133019685745,0.05150788277387619,0.05912578105926514,0.06783129274845123,0.07943430542945862,0.09389200061559677,0.1135774478316307,0.1385987401008606,0.1736574023962021,0.22204218804836273,0.2966269254684448,0.406683087348938,0.5384488105773926,0.6709846258163452,0.7627284526824951,0.8300862312316895,0.8819132447242737,0.919759213924408,0.9477102756500244,0.9687384963035583,0.9873273968696594],"calibrated":[0.0,0.0,0.0,0.0,0.0,0.0,0.0,0.0,0.0,0.0,0.0,0.0,0.0,0.0,0.0,0.0,0.0,0.0,0.0,0.0,0.0,0.0,0.0,0.0,0.0,0.0,0.0,0.0,0.0,0.0,0.0,0.0,0.0,0.0,0.0,0.0,0.0,0.0,0.0,0.0,0.0,0.0,0.0,0.0,0.0,0.0,0.0,0.0,0.0,0.0,0.0,0.0,0.0,0.0,0.0,0.0,0.0,0.003134796238244514,0.003134796238244514,0.0,0.0,0.0,0.0,0.0,0.003134796238244514,0.0,0.0,0.0,0.0,0.0,0.0,0.0,0.0,0.0,0.0,0.003134796238244514,0.0,0.006269592476489028,0.003134796238244514,0.003134796238244514,0.003134796238244514,0.0,0.009404388714733543,0.009404388714733543,0.012539184952978056,0.009404388714733543,0.02821316614420063,0.0438871473354232,0.050156739811912224,0.0877742946708464,0.16300940438871472,0.18808777429467086,0.30407523510971785,0.38557993730407525,0.42946708463949845,0.48589341692789967,0.5611285266457681,0.6489028213166145,0.7021943573667712,0.8648648648648649],"ci_lower":[0,0,0,0,0,0,0,0,0,0,0,0,0,0,0,0,0,0,0,0,0,0,0,0,0,0,0,0,0,0,0,0,0,0,0,0,0,0,0,0,0,0,0,0,0,0,0,0,0,0,0,0,0,0,0,0,0,0.0005535687644057461,0.0005535687644057461,0,0,0,0,0,0.0005535687644057461,0,0,0,0,0,0,0,0,0,0,0.0005535687644057461,0,0.0017209995305411223,0.0005535687644057461,0.0005535687644057461,0.0005535687644057461,0,0.003203337150195487,0.003203337150195487,0.004886676726836795,0.003203337150195487,0.014912500643077267,0.02631967775332364,0.03110569203896513,0.061425060187225315,0.12652747676008477,0.1490099313579596,0.25617221031385584,0.33382929805823497,0.3763032313741524,0.43154069499278475,0.5062633657719533,0.5950335654498805,0.6498469435010319,0.8282195485196056],"ci_upper":[0.011899333914836253,0.011899333914836253,0.011899333914836253,0.011899333914836253,0.011899333914836253,0.011899333914836253,0.011899333914836253,0.011899333914836253,0.011899333914836253,0.011899333914836253,0.011899333914836253,0.011899333914836253,0.011899333914836253,0.011899333914836253,0.011899333914836253,0.011899333914836253,0.011899333914836253,0.011899333914836253,0.011899333914836253,0.011899333914836253,0.011899333914836253,0.011899333914836253,0.011899333914836253,0.011899333914836253,0.011899333914836253,0.011899333914836253,0.011899333914836253,0.011899333914836253,0.011899333914836253,0.011899333914836253,0.011899333914836253,0.011899333914836253,0.011899333914836253,0.011899333914836253,0.011899333914836253,0.011899333914836253,0.011899333914836253,0.011899333914836253,0.011899333914836253,0.011899333914836253,0.011899333914836253,0.011899333914836253,0.011899333914836253,0.011899333914836253,0.011899333914836253,0.011899333914836253,0.011899333914836253,0.011899333914836253,0.011899333914836253,0.011899333914836253,0.011899333914836253,0.011899333914836253,0.011899333914836253,0.011899333914836253,0.011899333914836253,0.011899333914836253,0.011899333914836253,0.017540753652531847,0.017540753652531847,0.011899333914836253,0.011899333914836253,0.011899333914836253,0.011899333914836253,0.011899333914836253,0.017540753652531847,0.011899333914836253,0.011899333914836253,0.011899333914836253,0.011899333914836253,0.011899333914836253,0.011899333914836253,0.011899333914836253,0.011899333914836253,0.011899333914836253,0.011899333914836253,0.017540753652531847,0.011899333914836253,0.02256831138849781,0.017540753652531847,0.017540753652531847,0.017540753652531847,0.011899333914836253,0.027280962270944786,0.027280962270944786,0.03179261119640482,0.027280962270944786,0.052741729790671044,0.07230949519093137,0.07991345790949256,0.12393395178644845,0.20751125926402117,0.2345887126829571,0.3566410083048104,0.44005362161506617,0.4843095273285675,0.5405818567477593,0.6145389100190228,0.6992283883999332,0.7497298148845046,0.8946867978679074],"n_bins":100,"n_total":31988,"calibration_slope":1.1057}