{"raw_centers":[1.0391670912213158e-05,1.7964528524316847e-05,2.375585063418839e-05,2.889444112952333e-05,3.342670970596373e-05,3.8242658774834126e-05,4.2621664761099964e-05,4.6865294279996306e-05,5.172903183847666e-05,5.688835517503321e-05,6.169074185891077e-05,6.661998486379161e-05,7.161375106079504e-05,7.746173650957644e-05,8.32797450129874e-05,8.919223182601854e-05,9.546849469188601e-05,0.00010188259329879656,0.00010836697038030252,0.00011556636309251189,0.00012318465451244265,0.0001314683904638514,0.00013966330152470618,0.00014852045569568872,0.0001574912021169439,0.0001670657511567697,0.00017570094496477395,0.00018657762848306447,0.0001979951048269868,0.00021123717306181788,0.00022362454910762608,0.00023674890690017492,0.000251686607953161,0.0002675240975804627,0.00028461983310990036,0.0003023612080141902,0.000322769396007061,0.00034451173269189894,0.000368534674635157,0.00039409828605130315,0.0004222227435093373,0.00045181700261309743,0.00048575090477243066,0.0005267205997370183,0.0005742666544392705,0.0006272117607295513,0.0006832678918726742,0.0007499851635657251,0.0008330214768648148,0.0009253274765796959,0.001040757168084383,0.001182227162644267,0.0013413634151220322,0.0015675085596740246,0.001809783629141748,0.0020608154591172934,0.002415759488940239,0.0027831955812871456,0.003234253264963627,0.0037486327346414328,0.004386096261441708,0.005056255962699652,0.005836839322000742,0.006760023068636656,0.007674140855669975,0.008859947323799133,0.010252658277750015,0.011799453757703304,0.01341921929270029,0.015318907797336578,0.017627550289034843,0.020413784310221672,0.023245204240083694,0.026731053367257118,0.031452421098947525,0.0364932119846344,0.04213114082813263,0.04909206181764603,0.057760562747716904,0.06799384206533432,0.0806070938706398,0.09655990451574326,0.11700837314128876,0.14393964409828186,0.1775558739900589,0.22100190818309784,0.27210670709609985,0.34332647919654846,0.4275815486907959,0.5203769207000732,0.6152370572090149,0.692344605922699,0.7547832131385803,0.8137801885604858,0.8595119118690491,0.891884982585907,0.9213974475860596,0.9467114210128784,0.9668202996253967,0.9873506426811218],"calibrated":[0.0,0.0,0.0,0.0,0.0,0.0,0.0,0.0,0.0,0.0,0.0,0.0,0.0,0.0,0.0,0.0,0.0,0.0,0.0,0.0,0.0,0.0,0.0,0.0,0.0,0.0,0.0,0.0,0.0,0.0,0.0,0.0,0.0,0.0,0.0,0.0,0.0,0.0,0.0,0.0,0.0,0.0,0.0,0.0,0.0,0.0,0.0,0.0,0.0,0.0,0.0,0.0,0.0,0.0,0.0,0.0,0.0,0.0,0.0,0.0,0.0,0.0,0.0,0.0,0.0,0.0,0.004347826086956522,0.0,0.004347826086956522,0.0,0.0,0.008695652173913044,0.0,0.004347826086956522,0.0,0.008695652173913044,0.013043478260869565,0.0,0.021739130434782608,0.008695652173913044,0.017391304347826087,0.021739130434782608,0.05652173913043478,0.05652173913043478,0.06956521739130435,0.06521739130434782,0.1391304347826087,0.12173913043478261,0.17391304347826086,0.21304347826086956,0.30434782608695654,0.391304347826087,0.4,0.4652173913043478,0.4608695652173913,0.5347826086956522,0.5347826086956522,0.6043478260869565,0.691304347826087,0.8376383763837638],"ci_lower":[0,0,0,0,0,0,0,0,0,0,0,0,0,0,0,0,0,0,0,0,0,0,0,0,0,0,0,0,0,0,0,0,0,0,0,0,0,0,0,0,0,0,0,0,0,0,0,0,0,0,0,0,0,0,0,0,0,0,0,0,0,0,0,0,0,0,0.0007678910476641276,0,0.0007678910476641276,0,0,0.0023878595588878726,0,0.0007678910476641276,0,0.0023878595588878726,0.0044456146083413535,0,0.009320420004020075,0.0023878595588878726,0.006783286481654556,0.009320420004020075,0.03332537829309885,0.03332537829309885,0.04326983426230722,0.0399170781038964,0.1003061617455484,0.08558466942916917,0.13039374726636654,0.1650650479268456,0.24849837704836816,0.3305108963247051,0.33882984207826955,0.40185521038815053,0.3976194339984351,0.47027759545564923,0.47027759545564923,0.5399349794614904,0.6288682068070643,0.7890645301091419],"ci_upper":[0.01642821465470643,0.01642821465470643,0.01642821465470643,0.01642821465470643,0.01642821465470643,0.01642821465470643,0.01642821465470643,0.01642821465470643,0.01642821465470643,0.01642821465470643,0.01642821465470643,0.01642821465470643,0.01642821465470643,0.01642821465470643,0.01642821465470643,0.01642821465470643,0.01642821465470643,0.01642821465470643,0.01642821465470643,0.01642821465470643,0.01642821465470643,0.01642821465470643,0.01642821465470643,0.01642821465470643,0.01642821465470643,0.01642821465470643,0.01642821465470643,0.01642821465470643,0.01642821465470643,0.01642821465470643,0.01642821465470643,0.01642821465470643,0.01642821465470643,0.01642821465470643,0.01642821465470643,0.01642821465470643,0.01642821465470643,0.01642821465470643,0.01642821465470643,0.01642821465470643,0.01642821465470643,0.01642821465470643,0.01642821465470643,0.01642821465470643,0.01642821465470643,0.01642821465470643,0.01642821465470643,0.01642821465470643,0.01642821465470643,0.01642821465470643,0.01642821465470643,0.01642821465470643,0.01642821465470643,0.01642821465470643,0.01642821465470643,0.01642821465470643,0.01642821465470643,0.01642821465470643,0.01642821465470643,0.01642821465470643,0.01642821465470643,0.01642821465470643,0.01642821465470643,0.01642821465470643,0.01642821465470643,0.01642821465470643,0.02421312174047964,0.01642821465470643,0.02421312174047964,0.01642821465470643,0.01642821465470643,0.031145951362693235,0.01642821465470643,0.02421312174047964,0.01642821465470643,0.031145951362693235,0.03764099444667708,0.01642821465470643,0.049871785317873035,0.031145951362693235,0.04385612070680123,0.049871785317873035,0.09428921209629294,0.09428921209629294,0.11000315052739662,0.10480310855237009,0.18981159317915275,0.1703218929617827,0.2281463927258333,0.2704502752662903,0.3666257069469519,0.4556691503393616,0.46445580085267185,0.5297224045443508,0.525405382800629,0.5981447896118495,0.5981447896118495,0.6653321757410057,0.7474549110641784,0.8767735380726762],"n_bins":100,"n_total":23041,"calibration_slope":1.2422}