{"raw_centers":[5.802095984108746e-06,1.0468988875800278e-05,1.3759296052739955e-05,1.6895332009880804e-05,2.014150049944874e-05,2.3592199795530178e-05,2.7012903956347145e-05,3.03612705465639e-05,3.37656783813145e-05,3.707960058818571e-05,4.025685848318972e-05,4.380295649752952e-05,4.7181896661641076e-05,5.1278435421409085e-05,5.5644592066528276e-05,6.000765279168263e-05,6.468548235716298e-05,6.925142224645242e-05,7.450995326507837e-05,7.959471986396238e-05,8.460005483357236e-05,9.013628732645884e-05,9.609948756406084e-05,0.00010172167822020128,0.00010789074440253899,0.0001145812711911276,0.00012102568143745884,0.0001280325377592817,0.00013586149725597352,0.00014440063387155533,0.0001528714201413095,0.0001621887640794739,0.00017235803534276783,0.00018264148093294352,0.00019425353093538433,0.00020717972074635327,0.00022072756837587804,0.00023587884788867086,0.00025164446560665965,0.0002691504778340459,0.000291310076136142,0.00031422593747265637,0.00033881471608765423,0.0003657606430351734,0.0003963750205002725,0.0004292729136068374,0.00046916372957639396,0.0005133002996444702,0.0005756163154728711,0.0006486641941592097,0.0007314439862966537,0.0008304545190185308,0.0009370818734169006,0.0010725042084231973,0.0012257446069270372,0.0014152947114780545,0.0016380205051973462,0.0018884518649429083,0.002146971644833684,0.002432466484606266,0.002785005373880267,0.0031991726718842983,0.003622044576331973,0.004108502995222807,0.004654435440897942,0.005264853592962027,0.0059569161385297775,0.00674891984090209,0.007689508609473705,0.008764693513512611,0.009951180778443813,0.011366746388375759,0.012949344702064991,0.014876623637974262,0.017147691920399666,0.019558720290660858,0.02234276942908764,0.025741441175341606,0.029624037444591522,0.034230947494506836,0.03999149054288864,0.04658252373337746,0.055212974548339844,0.0669001042842865,0.07949300110340118,0.09741875529289246,0.12108883261680603,0.1552329659461975,0.20367386937141418,0.28156954050064087,0.3871268928050995,0.5084912776947021,0.6448940634727478,0.7574686408042908,0.8463201522827148,0.9012402892112732,0.9376223087310791,0.9621236324310303,0.9783979058265686,0.9913603663444519],"calibrated":[0.0,0.0,0.0,0.0,0.0,0.0,0.0,0.0,0.0,0.0,0.0,0.0,0.0,0.0,0.0,0.0,0.0,0.0,0.0,0.0,0.0,0.0,0.0,0.0,0.0,0.0,0.0,0.0,0.0,0.0,0.0,0.0,0.0,0.0,0.0,0.0,0.0,0.0,0.0,0.0,0.0,0.0,0.0,0.0,0.0,0.0,0.0,0.0,0.0,0.0,0.0,0.0,0.0,0.0,0.0,0.0,0.0,0.0,0.0,0.0,0.0,0.0,0.0,0.0,0.0,0.004166666666666667,0.0,0.0,0.0,0.0,0.0,0.004166666666666667,0.0,0.004166666666666667,0.0,0.0,0.008333333333333333,0.0125,0.0,0.004166666666666667,0.004166666666666667,0.0125,0.016666666666666666,0.0125,0.004166666666666667,0.016666666666666666,0.0125,0.05416666666666667,0.058333333333333334,0.0875,0.2,0.26666666666666666,0.2916666666666667,0.42083333333333334,0.5125,0.6125,0.6125,0.6916666666666667,0.775,0.890625],"ci_lower":[0,0,0,0,0,0,0,0,0,0,0,0,0,0,0,0,0,0,0,0,0,0,0,0,0,0,0,0,0,0,0,0,0,0,0,0,0,0,0,0,0,0,0,0,0,0,0,0,0,0,0,0,0,0,0,0,0,0,0,0,0,0,0,0,0,0.0007358790897501449,0,0,0,0,0,0.0007358790897501449,0,0.0007358790897501449,0,0,0.002288235363161974,0.004259990188158945,0,0.0007358790897501449,0.0007358790897501449,0.004259990188158945,0.0064998355877797925,0.004259990188158945,0.0007358790897501449,0.0064998355877797925,0.004259990188158945,0.03192488207932074,0.03506211241962322,0.05794139771629913,0.15429761779292828,0.21471546079139847,0.23780336603417557,0.36010122078912743,0.4495639296355595,0.5495526984044542,0.5495526984044542,0.6306041253717761,0.7180751243867864,0.8464632454696143],"ci_upper":[0.015754489799935698,0.015754489799935698,0.015754489799935698,0.015754489799935698,0.015754489799935698,0.015754489799935698,0.015754489799935698,0.015754489799935698,0.015754489799935698,0.015754489799935698,0.015754489799935698,0.015754489799935698,0.015754489799935698,0.015754489799935698,0.015754489799935698,0.015754489799935698,0.015754489799935698,0.015754489799935698,0.015754489799935698,0.015754489799935698,0.015754489799935698,0.015754489799935698,0.015754489799935698,0.015754489799935698,0.015754489799935698,0.015754489799935698,0.015754489799935698,0.015754489799935698,0.015754489799935698,0.015754489799935698,0.015754489799935698,0.015754489799935698,0.015754489799935698,0.015754489799935698,0.015754489799935698,0.015754489799935698,0.015754489799935698,0.015754489799935698,0.015754489799935698,0.015754489799935698,0.015754489799935698,0.015754489799935698,0.015754489799935698,0.015754489799935698,0.015754489799935698,0.015754489799935698,0.015754489799935698,0.015754489799935698,0.015754489799935698,0.015754489799935698,0.015754489799935698,0.015754489799935698,0.015754489799935698,0.015754489799935698,0.015754489799935698,0.015754489799935698,0.015754489799935698,0.015754489799935698,0.015754489799935698,0.015754489799935698,0.015754489799935698,0.015754489799935698,0.015754489799935698,0.015754489799935698,0.015754489799935698,0.023220656628519416,0.015754489799935698,0.015754489799935698,0.015754489799935698,0.015754489799935698,0.015754489799935698,0.023220656628519416,0.015754489799935698,0.023220656628519416,0.015754489799935698,0.015754489799935698,0.029870346273441456,0.036100637366778356,0.015754489799935698,0.023220656628519416,0.023220656628519416,0.036100637366778356,0.04206283788549137,0.036100637366778356,0.023220656628519416,0.04206283788549137,0.036100637366778356,0.09045620465895526,0.09552102023698665,0.13005605636864778,0.25515507608703314,0.3259699677819048,0.3520943380491309,0.48405990676252897,0.575042208119442,0.6719025413905603,0.6719025413905603,0.7466899868715818,0.8232599062232488,0.9232364484977874],"n_bins":100,"n_total":24016,"calibration_slope":1.1646}