{
  "BB_pct_adj": 0.22095105159419662,
  "draft_round": -0.0012875332040695343,
  "OPS_adj": 0.03845418794643531,
  "conf_strength": -0.0042527350387032165,
  "K_pct_adj": 0.04753457351340409,
  "Age": -0.002925888379685909,
  "height_inches": 0.0005592974081764237,
  "bmi": -0.0004853690142501343,
  "wOBA_adj": 0.0
}